{
	"_id": {
		"$oid": "5692a15524de1e0ce2dfcfa3"
	},
	"title": "Toy Story 4",
	"year": 2011,
	"rated": "G",
	"released": {
		"$date": "2010-06-18T04:00:00.000Z"
	},
	"runtime": 206,
	"countries": [
		"USA"
	],
	"genres": [
		"Animation",
		"Adventure",
		"Comedy"
	],
	"director": "Lee Unkrich",
	"writers": [
		"John Lasseter",
		"Andrew Stanton",
		"Lee Unkrich",
		"Michael Arndt"
	],
	"actors": [
		"Tom Hanks",
		"Tim Allen",
		"Joan Cusack",
		"Ned Beatty"
	],
	"plot": "The toys are mistakenly delivered to a day-care center instead of the attic right before Andy leaves for college, and it's up to Woody to convince the other toys that they weren't abandoned and to return home.",
	"poster": "http://ia.media-imdb.com/images/M/MV5BMTgxOTY4Mjc0MF5BMl5BanBnXkFtZTcwNTA4MDQyMw@@._V1_SX300.jpg",
	"imdb": {
		"id": "tt0435761",
		"rating": 8.4,
		"votes": 500084
	},
	"tomato": {
		"meter": 99,
		"image": "certified",
		"rating": 8.9,
		"reviews": 287,
		"fresh": 283,
		"consensus": "Deftly blending comedy, adventure, and honest emotion, Toy Story 3 is a rare second sequel that really works.",
		"userMeter": 89,
		"userRating": 4.3,
		"userReviews": 602138
	},
	"metacritic": 92,
	"awards": {
		"wins": 56,
		"nominations": 86,
		"text": "Won 2 Oscars. Another 56 wins \u0026 86 nominations."
	},
	"type": "movie",
	"reviews": [
		{
			"date": {
				"$date": "2017-02-13T04:00:00.000Z"
			},
			"name": "parvesh",
			"rating": 8.9,
			"comment": "My first review for Toy Story 3, hoping it will execute while trying for the very first time."
		},
		{
			"date": {
				"$date": "2017-02-13T04:00:00.000Z"
			},
			"name": "Prabhash",
			"rating": 8.9,
			"comment": "My first review for Toy Story 3, hoping it will execute while trying for the very first time."
		},
		{
			"date": {
				"$date": "2017-02-11T04:00:00.000Z"
			},
			"name": "praveen",
			"rating": 6.7,
			"comment": "My first review for Toy Story 3, hoping it will execute while trying for the very first time."
		}
	]
}{
	"_id": {
		"$oid": "589cbda9c0b9fec62febf274"
	},
	"title": "Deadpool",
	"year": 2016,
	"rated": "R",
	"released": {
		"$date": "2016-06-18T04:00:00.000Z"
	},
	"runtime": 108,
	"countries": [
		"USA"
	],
	"genres": [
		"Comics character",
		"Adventure",
		"Action"
	],
	"director": "Tim Miller",
	"writers": [
		"Rhett Reese",
		"Paul Wernick"
	],
	"actors": [
		"Ryan Reynolds",
		"Morena Baccarin",
		"Ed Skrein",
		"T.J. Miller",
		"Gina Carano",
		"Leslie Uggams",
		"Stefan Kapičić",
		"Brianna Hildebrand"
	],
	"plot": "Deadpool is a 2016 American superhero film directed by Tim Miller and written by Rhett Reese and Paul Wernick, based on the Marvel Comics character of the same name.",
	"poster": "http://ia.media-imdb.com/images/M/MV5BMTgxOTY4Mjc0MF5BMl5BanBnXkFtZTcwNTA4MDQyMw@@._V1_SX300.jpg",
	"imdb": {
		"id": "tt1431045",
		"rating": 8.1,
		"votes": 585141
	},
	"tomato": {
		"meter": 99,
		"image": "certified",
		"rating": 6.9,
		"reviews": 287,
		"fresh": 241,
		"consensus": "Fast, funny, and gleefully profane, the fourth-wall-busting Deadpool.",
		"userMeter": 90,
		"userRating": 4.3,
		"userReviews": 181719
	},
	"metacritic": 92,
	"awards": {
		"wins": 5,
		"nominations": 12,
		"text": "wo Golden Globe Award nominations for Best Motion Picture – Musical or Comedy and Best Actor – Motion Picture Musical or Comedy."
	},
	"type": "movie"
}{
	"_id": {
		"$oid": "589cc22cc0b9fec62febf275"
	},
	"title": "BATMAN V SUPERMAN: DAWN OF JUSTICE",
	"year": 2016,
	"rated": "PG-13",
	"released": {
		"$date": "2016-03-19T04:00:00.000Z"
	},
	"runtime": 151,
	"countries": [
		"USA"
	],
	"genres": [
		"Action",
		"Adventure",
		"Sci-Fi"
	],
	"director": "Lee Unkrich",
	"writers": [
		"Chris Terrio",
		"David S. Goyer"
	],
	"actors": [
		"Amy Adams",
		"Henry Cavill",
		"Ben Affleck"
	],
	"plot": "The general public is concerned over having Superman on their planet and letting the Dark Knight - Batman - pursue the streets of Gotham. While this is happening, a power-phobic Batman tries to attack Superman.,Meanwhile Superman tries to settle on a decision, and Lex Luthor, the criminal mastermind and millionaire, tries to use his own advantages to fight the Man of Steel.",
	"poster": "http://ia.media-imdb.com/images/M/MV5BMTgxOTY4Mjc0MF5BMl5BanBnXkFtZTcwNTA4MDQyMw@@._V1_SX300.jpg",
	"imdb": {
		"id": "tt2975590",
		"rating": 6.7,
		"votes": 3206
	},
	"tomato": {
		"meter": 27,
		"image": "certified",
		"rating": 4.9,
		"reviews": 353,
		"fresh": 97,
		"consensus": "Batman v Superman: Dawn of Justice smothers a potentially powerful story -- and some of Americas most iconic superheroes -- in a grim whirlwind of effects-driven action.",
		"userMeter": 64,
		"userRating": 3.6,
		"userReviews": 225954
	},
	"metacritic": 44,
	"awards": {
		"wins": 6,
		"nominations": 26,
		"text": "Actor of the Year, Most Original Poster, Best Body of Work"
	},
	"type": "movie"
}{
	"_id": {
		"$oid": "589cc417c0b9fec62febf276"
	},
	"title": "doctor strange",
	"year": 2016,
	"rated": "PG-13",
	"released": {
		"$date": "2016-11-04T04:00:00.000Z"
	},
	"runtime": 115,
	"countries": [
		"USA"
	],
	"genres": [
		"Sci-Fi",
		"Fantasy",
		"Adventure",
		"Action"
	],
	"director": "Scott Derrickson",
	"writers": [
		"Jon Spaihts",
		"Scott Derrickson"
	],
	"actors": [
		"Benedict Cumberbatch",
		"Chiwetel Ejiofor",
		"Rachel McAdams"
	],
	"plot": "Marvels Doctor Strange follows the story of the talented neurosurgeon Doctor Stephen Strange who, after a tragic car accident, must put ego aside and learn the secrets of a hidden world of mysticism and alternate dimensions. Based in New York Citys Greenwich Village, Doctor Strange must act as an intermediary between the real world and what lies beyond, utilising a vast array of metaphysical abilities and artifacts to protect the Marvel Cinematic Universe.",
	"poster": "http://ia.media-imdb.com/images/M/MV5BMTgxOTY4Mjc0MF5BMl5BanBnXkFtZTcwNTA4MDQyMw@@._V1_SX300.jpg",
	"imdb": {
		"id": "tt1211837",
		"rating": 7.8,
		"votes": 191181
	},
	"tomato": {
		"meter": 27,
		"image": "certified",
		"rating": 4.9,
		"reviews": 353,
		"fresh": 97,
		"consensus": "Batman v Superman: Dawn of Justice smothers a potentially powerful story -- and some of Americas most iconic superheroes -- in a grim whirlwind of effects-driven action.",
		"userMeter": 64,
		"userRating": 3.6,
		"userReviews": 225954
	},
	"metacritic": 44,
	"awards": {
		"wins": 6,
		"nominations": 38,
		"text": "Oscar, Best Visual Effects"
	},
	"type": "movie"
}{
	"_id": {
		"$oid": "589cc696c0b9fec62febf277"
	},
	"title": "kung fu panda 3",
	"year": 2016,
	"rated": "PG",
	"released": {
		"$date": "2016-01-29T04:00:00.000Z"
	},
	"runtime": 95,
	"countries": [
		"USA"
	],
	"genres": [
		" Animation",
		"Action",
		"Adventure",
		"Comedy",
		"Family"
	],
	"director": " Alessandro Carloni",
	"writers": [
		" Jonathan Aibel",
		"Glenn Berger"
	],
	"actors": [
		" Jack Black",
		"Dustin Hoffman",
		"Bryan Cranston"
	],
	"plot": "When Pos long-lost panda father suddenly reappears, the reunited duo travels to a secret panda paradise to meet scores of hilarious new panda characters. But when the supernatural villain Kai begins to sweep across China defeating all the kung fu masters, Po must do the impossible-learn to train a village full of his fun-loving, clumsy brethren to become the ultimate band of Kung Fu Pandas.",
	"poster": "http://ia.media-imdb.com/images/M/MV5BMTgxOTY4Mjc0MF5BMl5BanBnXkFtZTcwNTA4MDQyMw@@._V1_SX300.jpg",
	"imdb": {
		"id": "tt2267968",
		"rating": 7.2,
		"votes": 83809
	},
	"tomato": {
		"meter": 87,
		"image": "certified",
		"rating": 6.8,
		"reviews": 153,
		"fresh": 133,
		"consensus": "Kung Fu Panda 3 boasts the requisite visual splendor, but like its rotund protagonist, this sequels narrative is also surprisingly nimble, adding up to animated fun for the whole family.",
		"userMeter": 79,
		"userRating": 3.9,
		"userReviews": 98794
	},
	"metacritic": 44,
	"awards": {
		"wins": 0,
		"nominations": 6,
		"text": "Best Animated Feature, Most Wanted Pet"
	},
	"type": "movie"
}{
	"_id": {
		"$oid": "589cc846c0b9fec62febf278"
	},
	"title": "zootopia",
	"year": 2016,
	"rated": "PG",
	"released": {
		"$date": "2016-04-04T04:00:00.000Z"
	},
	"runtime": 108,
	"countries": [
		"USA"
	],
	"genres": [
		"Animation",
		"Adventure",
		"Comedy",
		"Crime",
		"Family",
		"Mystery"
	],
	"director": "Byron Howard",
	"writers": [
		"Byron Howard",
		"Rich Moore"
	],
	"actors": [
		"Ginnifer Goodwin",
		"Jason Bateman",
		"Idris Elba"
	],
	"plot": "From the largest elephant to the smallest shrew, the city of Zootopia is a mammal metropolis where various animals live and thrive. When Judy Hopps becomes the first rabbit to join the police force, she quickly learns how tough it is to enforce the law. Determined to prove herself, Judy jumps at the opportunity to solve a mysterious case. Unfortunately, that means working with Nick Wilde, a wily fox who makes her job even harder.",
	"poster": "http://ia.media-imdb.com/images/M/MV5BMTgxOTY4Mjc0MF5BMl5BanBnXkFtZTcwNTA4MDQyMw@@._V1_SX300.jpg",
	"imdb": {
		"id": "tt2948356",
		"rating": 8.1,
		"votes": 262258
	},
	"tomato": {
		"meter": 98,
		"image": "certified",
		"rating": 8.1,
		"reviews": 241,
		"fresh": 236,
		"consensus": "Kung Fu Panda 3 boasts the requisite visual splendor, but like its rotund protagonist, this sequels narrative is also surprisingly nimble, adding up to animated fun for the whole family.",
		"userMeter": 92,
		"userRating": 4.4,
		"userReviews": 95658
	},
	"metacritic": 44,
	"awards": {
		"wins": 26,
		"nominations": 52,
		"text": "Best Animated Feature Film of the Year, Best Motion Picture - Animated"
	},
	"type": "movie"
}{
	"_id": {
		"$oid": "589d733a296ba85b1bc3bee6"
	},
	"title": "John Carter",
	"year": 2012,
	"rated": "PG-13",
	"released": {
		"$date": "2012-03-09T04:00:00.000Z"
	},
	"runtime": 132,
	"countries": [
		"USA"
	],
	"genres": [
		"Action",
		"Adventure",
		"Sci-Fi"
	],
	"director": "Andrew Stanton",
	"writers": [
		"John Lasseter",
		"Andrew Stanton",
		"Lee Unkrich",
		"Michael Arndt"
	],
	"actors": [
		"Andrew Stanton",
		"Mark Andrews"
	],
	"plot": "John Carter, a Civil War veteran, who in 1868 was trying to live a normal life, is asked by the Army to join, but he refuses so he is locked up. He escapes, and is pursued. Eventually they run into some Indians, and theres a gunfight. Carter seeks refuge in a cave. While there, he encounters someone who is holding some kind of medallion. When Carter touches it, he finds himself in a place where he can leap incredible heights, among other things. He later encounters beings he has never seen before. He meets a woman who helps him to discover that he is on Mars, and he learns theres some kind of unrest going on.",
	"poster": "http://ia.media-imdb.com/images/M/MV5BMTgxOTY4Mjc0MF5BMl5BanBnXkFtZTcwNTA4MDQyMw@@._V1_SX300.jpg",
	"imdb": {
		"id": "tt0401729",
		"rating": 6.6,
		"votes": 217518
	},
	"tomato": {
		"meter": 51,
		"image": "certified",
		"rating": 5.7,
		"reviews": 219,
		"fresh": 111,
		"consensus": "While John Carter looks terrific and delivers its share of pulpy thrills, it also suffers from uneven pacing and occasionally incomprehensible plotting and characterization.",
		"userMeter": 60,
		"userRating": 3.5,
		"userReviews": 113966
	},
	"metacritic": 92,
	"awards": {
		"wins": 2,
		"nominations": 7,
		"text": "Top Box Office Films, Best Original Score for a Fantasy/Science Fiction/Horror Film"
	},
	"type": "movie"
}
